<?xml version="1.0" encoding="UTF-8"?>
<metadata xml:lang="en"><Esri><CreaDate>20181204</CreaDate><CreaTime>17335400</CreaTime><ArcGISFormat>1.0</ArcGISFormat><SyncOnce>TRUE</SyncOnce><DataProperties><lineage><Process ToolSource="c:\program files (x86)\arcgis\desktop10.5\ArcToolbox\Toolboxes\Data Management Tools.tbx\CalculateField" Date="20181204" Time="171927">CalculateField samplingBoundaries siteType "Core Terrestrial" VB #</Process><Process ToolSource="c:\program files (x86)\arcgis\desktop10.5\ArcToolbox\Toolboxes\Data Management Tools.tbx\CalculateField" Date="20181204" Time="171954">CalculateField samplingBoundaries siteType "Relocatable Terrestrial" VB #</Process><Process ToolSource="c:\program files (x86)\arcgis\desktop10.5\ArcToolbox\Toolboxes\Data Management Tools.tbx\CalculateField" Date="20181204" Time="172536">CalculateField samplingBoundaries siteType "Core Terrestrial" VB #</Process><Process ToolSource="c:\program files (x86)\arcgis\desktop10.5\ArcToolbox\Toolboxes\Data Management Tools.tbx\CalculateField" Date="20181204" Time="172602">CalculateField samplingBoundaries siteType "Relocatable Terrestrial" VB #</Process><Process ToolSource="c:\program files (x86)\arcgis\desktop10.5\ArcToolbox\Toolboxes\Data Management Tools.tbx\CalculateField" Date="20200415" Time="184600">CalculateField terrestrialSamplingBoundaries siteName "Utqiaġvik" VB #</Process><Process ToolSource="c:\program files (x86)\arcgis\desktop10.5\ArcToolbox\Toolboxes\Data Management Tools.tbx\CalculateField" Date="20200415" Time="184644">CalculateField terrestrialSamplingBoundaries siteHost "Ukpeaġvik Iñupiat Corporation" VB #</Process></lineage></DataProperties></Esri></metadata>
