<metadata xml:lang="en"><Esri><CreaDate>20161024</CreaDate><CreaTime>10150500</CreaTime><ArcGISFormat>1.0</ArcGISFormat><ArcGISstyle>FGDC CSDGM Metadata</ArcGISstyle><SyncOnce>FALSE</SyncOnce><DataProperties><itemProps><itemName Sync="TRUE">90percent_footprint</itemName><imsContentType Sync="TRUE" export="False">002</imsContentType><itemSize Sync="TRUE">0.064</itemSize><itemLocation><linkage Sync="TRUE">file://\\eco.neoninternal.org\neon\home\mslater\GIS\NEON_PROJECT_AREAS\OVERVIEW_AllDomains\aoi\90percent_footprint.shp</linkage><protocol Sync="TRUE">Local Area Network</protocol></itemLocation><nativeExtBox><westBL Sync="TRUE">-156.638902</westBL><eastBL Sync="TRUE">-66.862659</eastBL><southBL Sync="TRUE">17.964284</southBL><northBL Sync="TRUE">71.287990</northBL><exTypeCode Sync="TRUE">1</exTypeCode></nativeExtBox></itemProps><coordRef><type Sync="TRUE">Geographic</type><geogcsn Sync="TRUE">GCS_WGS_1984</geogcsn><csUnits Sync="TRUE">Angular Unit: Degree (0.017453)</csUnits><peXml Sync="TRUE">&lt;GeographicCoordinateSystem xsi:type='typens:GeographicCoordinateSystem' xmlns:xsi='http://www.w3.org/2001/XMLSchema-instance' xmlns:xs='http://www.w3.org/2001/XMLSchema' xmlns:typens='http://www.esri.com/schemas/ArcGIS/10.5'&gt;&lt;WKT&gt;GEOGCS[&amp;quot;GCS_WGS_1984&amp;quot;,DATUM[&amp;quot;D_WGS_1984&amp;quot;,SPHEROID[&amp;quot;WGS_1984&amp;quot;,6378137.0,298.257223563]],PRIMEM[&amp;quot;Greenwich&amp;quot;,0.0],UNIT[&amp;quot;Degree&amp;quot;,0.0174532925199433],AUTHORITY[&amp;quot;EPSG&amp;quot;,4326]]&lt;/WKT&gt;&lt;XOrigin&gt;-400&lt;/XOrigin&gt;&lt;YOrigin&gt;-400&lt;/YOrigin&gt;&lt;XYScale&gt;11258999068426.238&lt;/XYScale&gt;&lt;ZOrigin&gt;-100000&lt;/ZOrigin&gt;&lt;ZScale&gt;10000&lt;/ZScale&gt;&lt;MOrigin&gt;-100000&lt;/MOrigin&gt;&lt;MScale&gt;10000&lt;/MScale&gt;&lt;XYTolerance&gt;8.983152841195215e-009&lt;/XYTolerance&gt;&lt;ZTolerance&gt;0.001&lt;/ZTolerance&gt;&lt;MTolerance&gt;0.001&lt;/MTolerance&gt;&lt;HighPrecision&gt;true&lt;/HighPrecision&gt;&lt;LeftLongitude&gt;-180&lt;/LeftLongitude&gt;&lt;WKID&gt;4326&lt;/WKID&gt;&lt;LatestWKID&gt;4326&lt;/LatestWKID&gt;&lt;/GeographicCoordinateSystem&gt;</peXml></coordRef><lineage><Process ToolSource="c:\program files (x86)\arcgis\desktop10.2\ArcToolbox\Toolboxes\Data Management Tools.tbx\CopyFeatures" Date="20141119" Time="125230" Name="" export="">CopyFeatures C:\Users\MSLATER\Documents\GISCoordination\GIS.gdb\D16R2_ABBY\ABBY_90percent_footprint Y:\GIS\FIU_FSU_Buffers\D16_ABBY\ABBY_90percent_footprint.shp # 0 0 0</Process><Process ToolSource="c:\program files (x86)\arcgis\desktop10.2\ArcToolbox\Toolboxes\Data Management Tools.tbx\Project" Date="20161024" Time="101506" Name="" export="">Project Y:\GIS\FIU_FSU_Buffers\D16_ABBY\ABBY_90percent_footprint.shp Y:\GIS\FIU_FSU_Buffers\GCS\ABBY_90percent_footprint.shp GEOGCS['GCS_WGS_1984',DATUM['D_WGS_1984',SPHEROID['WGS_1984',6378137.0,298.257223563]],PRIMEM['Greenwich',0.0],UNIT['Degree',0.0174532925199433]] # PROJCS['WGS_1984_UTM_Zone_10N',GEOGCS['GCS_WGS_1984',DATUM['D_WGS_1984',SPHEROID['WGS_1984',6378137.0,298.257223563]],PRIMEM['Greenwich',0.0],UNIT['Degree',0.0174532925199433]],PROJECTION['Transverse_Mercator'],PARAMETER['False_Easting',500000.0],PARAMETER['False_Northing',0.0],PARAMETER['Central_Meridian',-123.0],PARAMETER['Scale_Factor',0.9996],PARAMETER['Latitude_Of_Origin',0.0],UNIT['Meter',1.0]]</Process><Process ToolSource="c:\program files (x86)\arcgis\desktop10.2\ArcToolbox\Toolboxes\Data Management Tools.tbx\Merge" Date="20161024" Time="102352" Name="" export="">Merge ABBY_90percent_footprint;BART_90percent_footprint;BASC_90percent_footprint;BLAN_90percent_footprint;BONA_90percent_footprint;CLBJ_90percent_footprint;CPER_90percent_footprint;DCFS_90percent_footprint;DEJU_90percent_footprint;DELA_90percent_footprint;DSNY_90percent_footprint;GRSM_90percent_footprint;GUAN_90percent_footprint;HARV_90percent_footprint;HEAL_90percent_footprint;JERC_90percent_footprint;JORN_90percent_footprint;KONA_90percent_footprint;KONZ_90percent_footprint;LAJA_90percent_footprint;LENO_90percent_footprint;MLBS_90percent_footprint;MOAB_90percent_footprint;NIWO_90percent_footprint;NOGP_90percent_footprint;OAES_90percent_footprint;ONAQ_90percent_footprint;ORNL_90percent_footprint;OSBS_90percent_footprint;PUUM_90percent_footprint;RBUT_90percent_footprint;RMNP_90percent_footprint;SAWB_90percent_footprint;SCBI_90percent_footprint;SERC_90percent_footprint;SJER_90percent_footprint;SOAP_90percent_footprint;SRER_90percent_footprint;STEI_90percent_footprint;STER_90percent_footprint;TALL_90percent_footprint;TEAK_90percent_footprint;TOOL_90percent_footprint;TREE_90percent_footprint;UKFS_90percent_footprint;UNDE_90percent_footprint;WOOD_90percent_footprint;WREF_90percent_footprint;YELL_90percent_footprint Y:\GIS\FIU_FSU_Buffers\GCS\90percent_footprint.shp "Domain "Domain" true true false 19 Double 0 0 ,First,#,ABBY_90percent_footprint,Domain,-1,-1,BART_90percent_footprint,Domain,-1,-1,BASC_90percent_footprint,Domain,-1,-1,BLAN_90percent_footprint,Domain,-1,-1,BONA_90percent_footprint,Domain,-1,-1,CLBJ_90percent_footprint,Domain,-1,-1,CPER_90percent_footprint,Domain,-1,-1,DCFS_90percent_footprint,Domain,-1,-1,DEJU_90percent_footprint,Domain,-1,-1,DELA_90percent_footprint,Domain,-1,-1,DSNY_90percent_footprint,Domain,-1,-1,GRSM_90percent_footprint,Domain,-1,-1,GUAN_90percent_footprint,Domain,-1,-1,HARV_90percent_footprint,Domain,-1,-1,HEAL_90percent_footprint,Domain,-1,-1,JERC_90percent_footprint,Domain,-1,-1,JORN_90percent_footprint,Domain,-1,-1,KONA_90percent_footprint,Domain,-1,-1,KONZ_90percent_footprint,Domain,-1,-1,LAJA_90percent_footprint,Domain,-1,-1,LENO_90percent_footprint,Domain,-1,-1,MLBS_90percent_footprint,Domain,-1,-1,MOAB_90percent_footprint,Domain,-1,-1,NIWO_90percent_footprint,Domain,-1,-1,NOGP_90percent_footprint,Domain,-1,-1,OAES_90percent_footprint,Domain,-1,-1,ONAQ_90percent_footprint,Domain,-1,-1,ORNL_90percent_footprint,Domain,-1,-1,OSBS_90percent_footprint,Domain,-1,-1,PUUM_90percent_footprint,Domain,-1,-1,RBUT_90percent_footprint,Domain,-1,-1,RMNP_90percent_footprint,Domain,-1,-1,SAWB_90percent_footprint,Domain,-1,-1,SCBI_90percent_footprint,Domain,-1,-1,SERC_90percent_footprint,Domain,-1,-1,SJER_90percent_footprint,Domain,-1,-1,SOAP_90percent_footprint,Domain,-1,-1,SRER_90percent_footprint,Domain,-1,-1,STEI_90percent_footprint,Domain,-1,-1,STER_90percent_footprint,Domain,-1,-1,TALL_90percent_footprint,Domain,-1,-1,TEAK_90percent_footprint,Domain,-1,-1,TOOL_90percent_footprint,Domain,-1,-1,TREE_90percent_footprint,Domain,-1,-1,UKFS_90percent_footprint,Domain,-1,-1,UNDE_90percent_footprint,Domain,-1,-1,WOOD_90percent_footprint,Domain,-1,-1,WREF_90percent_footprint,Domain,-1,-1,YELL_90percent_footprint,Domain,-1,-1;DomainName "DomainName" true true false 254 Text 0 0 ,First,#,ABBY_90percent_footprint,DomainName,-1,-1,BART_90percent_footprint,DomainName,-1,-1,BASC_90percent_footprint,DomainName,-1,-1,BLAN_90percent_footprint,DomainName,-1,-1,BONA_90percent_footprint,DomainName,-1,-1,CLBJ_90percent_footprint,DomainName,-1,-1,CPER_90percent_footprint,DomainName,-1,-1,DCFS_90percent_footprint,DomainName,-1,-1,DEJU_90percent_footprint,DomainName,-1,-1,DELA_90percent_footprint,DomainName,-1,-1,DSNY_90percent_footprint,DomainName,-1,-1,GRSM_90percent_footprint,DomainName,-1,-1,GUAN_90percent_footprint,DomainName,-1,-1,HARV_90percent_footprint,DomainName,-1,-1,HEAL_90percent_footprint,DomainName,-1,-1,JERC_90percent_footprint,DomainName,-1,-1,JORN_90percent_footprint,DomainName,-1,-1,KONA_90percent_footprint,DomainName,-1,-1,KONZ_90percent_footprint,DomainName,-1,-1,LAJA_90percent_footprint,DomainName,-1,-1,LENO_90percent_footprint,DomainName,-1,-1,MLBS_90percent_footprint,DomainName,-1,-1,MOAB_90percent_footprint,DomainName,-1,-1,NIWO_90percent_footprint,DomainName,-1,-1,NOGP_90percent_footprint,DomainName,-1,-1,OAES_90percent_footprint,DomainName,-1,-1,ONAQ_90percent_footprint,DomainName,-1,-1,ORNL_90percent_footprint,DomainName,-1,-1,OSBS_90percent_footprint,DomainName,-1,-1,PUUM_90percent_footprint,DomainName,-1,-1,RBUT_90percent_footprint,DomainName,-1,-1,RMNP_90percent_footprint,DomainName,-1,-1,SAWB_90percent_footprint,DomainName,-1,-1,SCBI_90percent_footprint,DomainName,-1,-1,SERC_90percent_footprint,DomainName,-1,-1,SJER_90percent_footprint,DomainName,-1,-1,SOAP_90percent_footprint,DomainName,-1,-1,SRER_90percent_footprint,DomainName,-1,-1,STEI_90percent_footprint,DomainName,-1,-1,STER_90percent_footprint,DomainName,-1,-1,TALL_90percent_footprint,DomainName,-1,-1,TEAK_90percent_footprint,DomainName,-1,-1,TOOL_90percent_footprint,DomainName,-1,-1,TREE_90percent_footprint,DomainName,-1,-1,UKFS_90percent_footprint,DomainName,-1,-1,UNDE_90percent_footprint,DomainName,-1,-1,WOOD_90percent_footprint,DomainName,-1,-1,WREF_90percent_footprint,DomainName,-1,-1,YELL_90percent_footprint,DomainName,-1,-1;SiteName "SiteName" true true false 254 Text 0 0 ,First,#,ABBY_90percent_footprint,SiteName,-1,-1,BART_90percent_footprint,SiteName,-1,-1,BASC_90percent_footprint,SiteName,-1,-1,BLAN_90percent_footprint,SiteName,-1,-1,BONA_90percent_footprint,SiteName,-1,-1,CLBJ_90percent_footprint,SiteName,-1,-1,CPER_90percent_footprint,SiteName,-1,-1,DCFS_90percent_footprint,SiteName,-1,-1,DEJU_90percent_footprint,SiteName,-1,-1,DELA_90percent_footprint,SiteName,-1,-1,DSNY_90percent_footprint,SiteName,-1,-1,GRSM_90percent_footprint,SiteName,-1,-1,GUAN_90percent_footprint,SiteName,-1,-1,HARV_90percent_footprint,SiteName,-1,-1,HEAL_90percent_footprint,SiteName,-1,-1,JERC_90percent_footprint,SiteName,-1,-1,JORN_90percent_footprint,SiteName,-1,-1,KONA_90percent_footprint,SiteName,-1,-1,KONZ_90percent_footprint,SiteName,-1,-1,LAJA_90percent_footprint,SiteName,-1,-1,LENO_90percent_footprint,SiteName,-1,-1,MLBS_90percent_footprint,SiteName,-1,-1,MOAB_90percent_footprint,SiteName,-1,-1,NIWO_90percent_footprint,SiteName,-1,-1,NOGP_90percent_footprint,SiteName,-1,-1,OAES_90percent_footprint,SiteName,-1,-1,ONAQ_90percent_footprint,SiteName,-1,-1,ORNL_90percent_footprint,SiteName,-1,-1,OSBS_90percent_footprint,SiteName,-1,-1,PUUM_90percent_footprint,SiteName,-1,-1,RBUT_90percent_footprint,SiteName,-1,-1,RMNP_90percent_footprint,SiteName,-1,-1,SAWB_90percent_footprint,SiteName,-1,-1,SCBI_90percent_footprint,SiteName,-1,-1,SERC_90percent_footprint,SiteName,-1,-1,SJER_90percent_footprint,SiteName,-1,-1,SOAP_90percent_footprint,SiteName,-1,-1,SRER_90percent_footprint,SiteName,-1,-1,STEI_90percent_footprint,SiteName,-1,-1,STER_90percent_footprint,SiteName,-1,-1,TALL_90percent_footprint,SiteName,-1,-1,TEAK_90percent_footprint,SiteName,-1,-1,TOOL_90percent_footprint,SiteName,-1,-1,TREE_90percent_footprint,SiteName,-1,-1,UKFS_90percent_footprint,SiteName,-1,-1,UNDE_90percent_footprint,SiteName,-1,-1,WOOD_90percent_footprint,SiteName,-1,-1,WREF_90percent_footprint,SiteName,-1,-1,YELL_90percent_footprint,SiteName,-1,-1;Type "Type" true true false 254 Text 0 0 ,First,#,ABBY_90percent_footprint,Type,-1,-1,BART_90percent_footprint,Type,-1,-1,BASC_90percent_footprint,Type,-1,-1,BLAN_90percent_footprint,Type,-1,-1,BONA_90percent_footprint,Type,-1,-1,CLBJ_90percent_footprint,Type,-1,-1,CPER_90percent_footprint,Type,-1,-1,DCFS_90percent_footprint,Type,-1,-1,DEJU_90percent_footprint,Type,-1,-1,DELA_90percent_footprint,Type,-1,-1,DSNY_90percent_footprint,Type,-1,-1,GRSM_90percent_footprint,Type,-1,-1,GUAN_90percent_footprint,Type,-1,-1,HARV_90percent_footprint,Type,-1,-1,HEAL_90percent_footprint,Type,-1,-1,JERC_90percent_footprint,Type,-1,-1,JORN_90percent_footprint,Type,-1,-1,KONA_90percent_footprint,Type,-1,-1,KONZ_90percent_footprint,Type,-1,-1,LAJA_90percent_footprint,Type,-1,-1,LENO_90percent_footprint,Type,-1,-1,MLBS_90percent_footprint,Type,-1,-1,MOAB_90percent_footprint,Type,-1,-1,NIWO_90percent_footprint,Type,-1,-1,NOGP_90percent_footprint,Type,-1,-1,OAES_90percent_footprint,Type,-1,-1,ONAQ_90percent_footprint,Type,-1,-1,ORNL_90percent_footprint,Type,-1,-1,OSBS_90percent_footprint,Type,-1,-1,PUUM_90percent_footprint,Type,-1,-1,RBUT_90percent_footprint,Type,-1,-1,RMNP_90percent_footprint,Type,-1,-1,SAWB_90percent_footprint,Type,-1,-1,SCBI_90percent_footprint,Type,-1,-1,SERC_90percent_footprint,Type,-1,-1,SJER_90percent_footprint,Type,-1,-1,SOAP_90percent_footprint,Type,-1,-1,SRER_90percent_footprint,Type,-1,-1,STEI_90percent_footprint,Type,-1,-1,STER_90percent_footprint,Type,-1,-1,TALL_90percent_footprint,Type,-1,-1,TEAK_90percent_footprint,Type,-1,-1,TOOL_90percent_footprint,Type,-1,-1,TREE_90percent_footprint,Type,-1,-1,UKFS_90percent_footprint,Type,-1,-1,UNDE_90percent_footprint,Type,-1,-1,WOOD_90percent_footprint,Type,-1,-1,WREF_90percent_footprint,Type,-1,-1,YELL_90percent_footprint,Type,-1,-1;Sub_Type "Sub_Type" true true false 254 Text 0 0 ,First,#,ABBY_90percent_footprint,Sub_Type,-1,-1,BART_90percent_footprint,Sub_Type,-1,-1,BASC_90percent_footprint,Sub_Type,-1,-1,BLAN_90percent_footprint,Sub_Type,-1,-1,BONA_90percent_footprint,Sub_Type,-1,-1,CLBJ_90percent_footprint,Sub_Type,-1,-1,CPER_90percent_footprint,Sub_Type,-1,-1,DCFS_90percent_footprint,Sub_Type,-1,-1,DEJU_90percent_footprint,Sub_Type,-1,-1,DELA_90percent_footprint,Sub_Type,-1,-1,DSNY_90percent_footprint,Sub_Type,-1,-1,GUAN_90percent_footprint,Sub_Type,-1,-1,HARV_90percent_footprint,Sub_Type,-1,-1,HEAL_90percent_footprint,Sub_Type,-1,-1,JORN_90percent_footprint,Sub_Type,-1,-1,KONA_90percent_footprint,Sub_Type,-1,-1,KONZ_90percent_footprint,Sub_Type,-1,-1,LAJA_90percent_footprint,Sub_Type,-1,-1,MLBS_90percent_footprint,Sub_Type,-1,-1,MOAB_90percent_footprint,Sub_Type,-1,-1,NIWO_90percent_footprint,Sub_Type,-1,-1,NOGP_90percent_footprint,Sub_Type,-1,-1,OAES_90percent_footprint,Sub_Type,-1,-1,ONAQ_90percent_footprint,Sub_Type,-1,-1,OSBS_90percent_footprint,Sub_Type,-1,-1,PUUM_90percent_footprint,Sub_Type,-1,-1,RBUT_90percent_footprint,Sub_Type,-1,-1,RMNP_90percent_footprint,Sub_Type,-1,-1,SAWB_90percent_footprint,Sub_Type,-1,-1,SCBI_90percent_footprint,Sub_Type,-1,-1,SERC_90percent_footprint,Sub_Type,-1,-1,SJER_90percent_footprint,Sub_Type,-1,-1,SOAP_90percent_footprint,Sub_Type,-1,-1,SRER_90percent_footprint,Sub_Type,-1,-1,STEI_90percent_footprint,Sub_Type,-1,-1,STER_90percent_footprint,Sub_Type,-1,-1,TEAK_90percent_footprint,Sub_Type,-1,-1,TOOL_90percent_footprint,Sub_Type,-1,-1,TREE_90percent_footprint,Sub_Type,-1,-1,UKFS_90percent_footprint,Sub_Type,-1,-1,UNDE_90percent_footprint,Sub_Type,-1,-1,WREF_90percent_footprint,Sub_Type,-1,-1,YELL_90percent_footprint,Sub_Type,-1,-1;Lat "Lat" true true false 19 Double 0 0 ,First,#,ABBY_90percent_footprint,Lat,-1,-1,BART_90percent_footprint,Lat,-1,-1,DEJU_90percent_footprint,Lat,-1,-1,HARV_90percent_footprint,Lat,-1,-1,JORN_90percent_footprint,Lat,-1,-1,ONAQ_90percent_footprint,Lat,-1,-1,SOAP_90percent_footprint,Lat,-1,-1,STER_90percent_footprint,Lat,-1,-1;Long "Long" true true false 19 Double 0 0 ,First,#,ABBY_90percent_footprint,Long,-1,-1,BART_90percent_footprint,Long,-1,-1,DEJU_90percent_footprint,Long,-1,-1,HARV_90percent_footprint,Long,-1,-1,JORN_90percent_footprint,Long,-1,-1,ONAQ_90percent_footprint,Long,-1,-1,SOAP_90percent_footprint,Long,-1,-1,STER_90percent_footprint,Long,-1,-1;Zone "Zone" true true false 19 Double 0 0 ,First,#,ABBY_90percent_footprint,Zone,-1,-1,BART_90percent_footprint,Zone,-1,-1,BASC_90percent_footprint,Zone,-1,-1,BLAN_90percent_footprint,Zone,-1,-1,CLBJ_90percent_footprint,Zone,-1,-1,CPER_90percent_footprint,Zone,-1,-1,DCFS_90percent_footprint,Zone,-1,-1,DEJU_90percent_footprint,Zone,-1,-1,DELA_90percent_footprint,Zone,-1,-1,DSNY_90percent_footprint,Zone,-1,-1,GUAN_90percent_footprint,Zone,-1,-1,HARV_90percent_footprint,Zone,-1,-1,HEAL_90percent_footprint,Zone,-1,-1,JORN_90percent_footprint,Zone,-1,-1,KONA_90percent_footprint,Zone,-1,-1,KONZ_90percent_footprint,Zone,-1,-1,LAJA_90percent_footprint,Zone,-1,-1,LENO_90percent_footprint,Zone,-1,-1,MLBS_90percent_footprint,Zone,-1,-1,MOAB_90percent_footprint,Zone,-1,-1,NIWO_90percent_footprint,Zone,-1,-1,NOGP_90percent_footprint,Zone,-1,-1,OAES_90percent_footprint,Zone,-1,-1,ONAQ_90percent_footprint,Zone,-1,-1,OSBS_90percent_footprint,Zone,-1,-1,PUUM_90percent_footprint,Zone,-1,-1,RBUT_90percent_footprint,Zone,-1,-1,RMNP_90percent_footprint,Zone,-1,-1,SAWB_90percent_footprint,Zone,-1,-1,SERC_90percent_footprint,Zone,-1,-1,SJER_90percent_footprint,Zone,-1,-1,SOAP_90percent_footprint,Zone,-1,-1,SRER_90percent_footprint,Zone,-1,-1,STEI_90percent_footprint,Zone,-1,-1,STER_90percent_footprint,Zone,-1,-1,TEAK_90percent_footprint,Zone,-1,-1,TOOL_90percent_footprint,Zone,-1,-1,TREE_90percent_footprint,Zone,-1,-1,UKFS_90percent_footprint,Zone,-1,-1,UNDE_90percent_footprint,Zone,-1,-1,WREF_90percent_footprint,Zone,-1,-1,YELL_90percent_footprint,Zone,-1,-1;Notes "Notes" true true false 254 Text 0 0 ,First,#,ABBY_90percent_footprint,Notes,-1,-1,BART_90percent_footprint,Notes,-1,-1,BASC_90percent_footprint,Notes,-1,-1,BLAN_90percent_footprint,Notes,-1,-1,BONA_90percent_footprint,Notes,-1,-1,CLBJ_90percent_footprint,Notes,-1,-1,DCFS_90percent_footprint,Notes,-1,-1,DEJU_90percent_footprint,Notes,-1,-1,DELA_90percent_footprint,Notes,-1,-1,GRSM_90percent_footprint,Notes,-1,-1,GUAN_90percent_footprint,Notes,-1,-1,HARV_90percent_footprint,Notes,-1,-1,HEAL_90percent_footprint,Notes,-1,-1,JERC_90percent_footprint,Notes,-1,-1,JORN_90percent_footprint,Notes,-1,-1,KONA_90percent_footprint,Notes,-1,-1,KONZ_90percent_footprint,Notes,-1,-1,LAJA_90percent_footprint,Notes,-1,-1,LENO_90percent_footprint,Notes,-1,-1,MLBS_90percent_footprint,Notes,-1,-1,MOAB_90percent_footprint,Notes,-1,-1,NIWO_90percent_footprint,Notes,-1,-1,NOGP_90percent_footprint,Notes,-1,-1,OAES_90percent_footprint,Notes,-1,-1,ONAQ_90percent_footprint,Notes,-1,-1,OSBS_90percent_footprint,Notes,-1,-1,PUUM_90percent_footprint,Notes,-1,-1,RBUT_90percent_footprint,Notes,-1,-1,RMNP_90percent_footprint,Notes,-1,-1,SAWB_90percent_footprint,Notes,-1,-1,SCBI_90percent_footprint,Notes,-1,-1,SERC_90percent_footprint,Notes,-1,-1,SJER_90percent_footprint,Notes,-1,-1,SOAP_90percent_footprint,Notes,-1,-1,SRER_90percent_footprint,Notes,-1,-1,STEI_90percent_footprint,Notes,-1,-1,STER_90percent_footprint,Notes,-1,-1,TALL_90percent_footprint,Notes,-1,-1,TEAK_90percent_footprint,Notes,-1,-1,TOOL_90percent_footprint,Notes,-1,-1,TREE_90percent_footprint,Notes,-1,-1,UKFS_90percent_footprint,Notes,-1,-1,UNDE_90percent_footprint,Notes,-1,-1,WOOD_90percent_footprint,Notes,-1,-1,WREF_90percent_footprint,Notes,-1,-1,YELL_90percent_footprint,Notes,-1,-1;Source "Source" true true false 254 Text 0 0 ,First,#,ABBY_90percent_footprint,Source,-1,-1,BART_90percent_footprint,Source,-1,-1,BASC_90percent_footprint,Source,-1,-1,BLAN_90percent_footprint,Source,-1,-1,BONA_90percent_footprint,Source,-1,-1,CLBJ_90percent_footprint,Source,-1,-1,CPER_90percent_footprint,Source,-1,-1,DCFS_90percent_footprint,Source,-1,-1,DEJU_90percent_footprint,Source,-1,-1,DELA_90percent_footprint,Source,-1,-1,DSNY_90percent_footprint,Source,-1,-1,GRSM_90percent_footprint,Source,-1,-1,GUAN_90percent_footprint,Source,-1,-1,HARV_90percent_footprint,Source,-1,-1,HEAL_90percent_footprint,Source,-1,-1,JERC_90percent_footprint,Source,-1,-1,JORN_90percent_footprint,Source,-1,-1,KONA_90percent_footprint,Source,-1,-1,KONZ_90percent_footprint,Source,-1,-1,LAJA_90percent_footprint,Source,-1,-1,LENO_90percent_footprint,Source,-1,-1,MLBS_90percent_footprint,Source,-1,-1,MOAB_90percent_footprint,Source,-1,-1,NIWO_90percent_footprint,Source,-1,-1,NOGP_90percent_footprint,Source,-1,-1,OAES_90percent_footprint,Source,-1,-1,ONAQ_90percent_footprint,Source,-1,-1,OSBS_90percent_footprint,Source,-1,-1,PUUM_90percent_footprint,Source,-1,-1,RBUT_90percent_footprint,Source,-1,-1,RMNP_90percent_footprint,Source,-1,-1,SAWB_90percent_footprint,Source,-1,-1,SCBI_90percent_footprint,Source,-1,-1,SERC_90percent_footprint,Source,-1,-1,SJER_90percent_footprint,Source,-1,-1,SOAP_90percent_footprint,Source,-1,-1,SRER_90percent_footprint,Source,-1,-1,STEI_90percent_footprint,Source,-1,-1,STER_90percent_footprint,Source,-1,-1,TALL_90percent_footprint,Source,-1,-1,TEAK_90percent_footprint,Source,-1,-1,TOOL_90percent_footprint,Source,-1,-1,TREE_90percent_footprint,Source,-1,-1,UKFS_90percent_footprint,Source,-1,-1,UNDE_90percent_footprint,Source,-1,-1,WOOD_90percent_footprint,Source,-1,-1,WREF_90percent_footprint,Source,-1,-1,YELL_90percent_footprint,Source,-1,-1;Status "Status" true true false 254 Text 0 0 ,First,#,ABBY_90percent_footprint,Status,-1,-1,BART_90percent_footprint,Status,-1,-1,BASC_90percent_footprint,Status,-1,-1,BLAN_90percent_footprint,Status,-1,-1,BONA_90percent_footprint,Status,-1,-1,CLBJ_90percent_footprint,Status,-1,-1,CPER_90percent_footprint,Status,-1,-1,DCFS_90percent_footprint,Status,-1,-1,DEJU_90percent_footprint,Status,-1,-1,DELA_90percent_footprint,Status,-1,-1,DSNY_90percent_footprint,Status,-1,-1,GRSM_90percent_footprint,Status,-1,-1,GUAN_90percent_footprint,Status,-1,-1,HARV_90percent_footprint,Status,-1,-1,HEAL_90percent_footprint,Status,-1,-1,JERC_90percent_footprint,Status,-1,-1,JORN_90percent_footprint,Status,-1,-1,KONA_90percent_footprint,Status,-1,-1,KONZ_90percent_footprint,Status,-1,-1,LAJA_90percent_footprint,Status,-1,-1,LENO_90percent_footprint,Status,-1,-1,MLBS_90percent_footprint,Status,-1,-1,MOAB_90percent_footprint,Status,-1,-1,NIWO_90percent_footprint,Status,-1,-1,NOGP_90percent_footprint,Status,-1,-1,OAES_90percent_footprint,Status,-1,-1,ONAQ_90percent_footprint,Status,-1,-1,ORNL_90percent_footprint,Status,-1,-1,OSBS_90percent_footprint,Status,-1,-1,PUUM_90percent_footprint,Status,-1,-1,RBUT_90percent_footprint,Status,-1,-1,RMNP_90percent_footprint,Status,-1,-1,SAWB_90percent_footprint,Status,-1,-1,SCBI_90percent_footprint,Status,-1,-1,SERC_90percent_footprint,Status,-1,-1,SJER_90percent_footprint,Status,-1,-1,SOAP_90percent_footprint,Status,-1,-1,SRER_90percent_footprint,Status,-1,-1,STEI_90percent_footprint,Status,-1,-1,STER_90percent_footprint,Status,-1,-1,TALL_90percent_footprint,Status,-1,-1,TEAK_90percent_footprint,Status,-1,-1,TOOL_90percent_footprint,Status,-1,-1,TREE_90percent_footprint,Status,-1,-1,UKFS_90percent_footprint,Status,-1,-1,UNDE_90percent_footprint,Status,-1,-1,WOOD_90percent_footprint,Status,-1,-1;PM_Code "PM_Code" true true false 10 Text 0 0 ,First,#,ABBY_90percent_footprint,PM_Code,-1,-1,BART_90percent_footprint,PM_Code,-1,-1,BASC_90percent_footprint,PM_Code,-1,-1,BLAN_90percent_footprint,PM_Code,-1,-1,BONA_90percent_footprint,PM_Code,-1,-1,CLBJ_90percent_footprint,PM_Code,-1,-1,CPER_90percent_footprint,PM_Code,-1,-1,DCFS_90percent_footprint,PM_Code,-1,-1,DEJU_90percent_footprint,PM_Code,-1,-1,DELA_90percent_footprint,PM_Code,-1,-1,DSNY_90percent_footprint,PM_Code,-1,-1,GRSM_90percent_footprint,PM_Code,-1,-1,GUAN_90percent_footprint,PM_Code,-1,-1,HARV_90percent_footprint,PM_Code,-1,-1,JERC_90percent_footprint,PM_Code,-1,-1,JORN_90percent_footprint,PM_Code,-1,-1,KONA_90percent_footprint,PM_Code,-1,-1,KONZ_90percent_footprint,PM_Code,-1,-1,LAJA_90percent_footprint,PM_Code,-1,-1,LENO_90percent_footprint,PM_Code,-1,-1,MLBS_90percent_footprint,PM_Code,-1,-1,MOAB_90percent_footprint,PM_Code,-1,-1,NIWO_90percent_footprint,PM_Code,-1,-1,NOGP_90percent_footprint,PM_Code,-1,-1,OAES_90percent_footprint,PM_Code,-1,-1,ONAQ_90percent_footprint,PM_Code,-1,-1,ORNL_90percent_footprint,PM_Code,-1,-1,OSBS_90percent_footprint,PM_Code,-1,-1,PUUM_90percent_footprint,PM_Code,-1,-1,RBUT_90percent_footprint,PM_Code,-1,-1,RMNP_90percent_footprint,PM_Code,-1,-1,SAWB_90percent_footprint,PM_Code,-1,-1,SCBI_90percent_footprint,PM_Code,-1,-1,SERC_90percent_footprint,PM_Code,-1,-1,SJER_90percent_footprint,PM_Code,-1,-1,SOAP_90percent_footprint,PM_Code,-1,-1,SRER_90percent_footprint,PM_Code,-1,-1,STEI_90percent_footprint,PM_Code,-1,-1,STER_90percent_footprint,PM_Code,-1,-1,TALL_90percent_footprint,PM_Code,-1,-1,TEAK_90percent_footprint,PM_Code,-1,-1,TOOL_90percent_footprint,PM_Code,-1,-1,TREE_90percent_footprint,PM_Code,-1,-1,UKFS_90percent_footprint,PM_Code,-1,-1,UNDE_90percent_footprint,PM_Code,-1,-1,WOOD_90percent_footprint,PM_Code,-1,-1,WREF_90percent_footprint,PM_Code,-1,-1,YELL_90percent_footprint,PM_Code,-1,-1;SiteID "SiteID" true true false 4 Text 0 0 ,First,#,ABBY_90percent_footprint,SiteID,-1,-1,BART_90percent_footprint,SiteID,-1,-1,BASC_90percent_footprint,SiteID,-1,-1,BLAN_90percent_footprint,SiteID,-1,-1,BONA_90percent_footprint,SiteID,-1,-1,CLBJ_90percent_footprint,SiteID,-1,-1,CPER_90percent_footprint,SiteID,-1,-1,DCFS_90percent_footprint,SiteID,-1,-1,DEJU_90percent_footprint,SiteID,-1,-1,DELA_90percent_footprint,SiteID,-1,-1,DSNY_90percent_footprint,SiteID,-1,-1,GRSM_90percent_footprint,SiteID,-1,-1,GUAN_90percent_footprint,SiteID,-1,-1,HARV_90percent_footprint,SiteID,-1,-1,HEAL_90percent_footprint,SiteID,-1,-1,JERC_90percent_footprint,SiteID,-1,-1,JORN_90percent_footprint,SiteID,-1,-1,KONA_90percent_footprint,SiteID,-1,-1,KONZ_90percent_footprint,SiteID,-1,-1,LAJA_90percent_footprint,SiteID,-1,-1,LENO_90percent_footprint,SiteID,-1,-1,MLBS_90percent_footprint,SiteID,-1,-1,MOAB_90percent_footprint,SiteID,-1,-1,NIWO_90percent_footprint,SiteID,-1,-1,NOGP_90percent_footprint,SiteID,-1,-1,OAES_90percent_footprint,SiteID,-1,-1,ONAQ_90percent_footprint,SiteID,-1,-1,ORNL_90percent_footprint,SiteID,-1,-1,OSBS_90percent_footprint,SiteID,-1,-1,PUUM_90percent_footprint,SiteID,-1,-1,RBUT_90percent_footprint,SiteID,-1,-1,RMNP_90percent_footprint,SiteID,-1,-1,SAWB_90percent_footprint,SiteID,-1,-1,SCBI_90percent_footprint,SiteID,-1,-1,SERC_90percent_footprint,SiteID,-1,-1,SJER_90percent_footprint,SiteID,-1,-1,SOAP_90percent_footprint,SiteID,-1,-1,SRER_90percent_footprint,SiteID,-1,-1,STEI_90percent_footprint,SiteID,-1,-1,STER_90percent_footprint,SiteID,-1,-1,TALL_90percent_footprint,SiteID,-1,-1,TEAK_90percent_footprint,SiteID,-1,-1,TOOL_90percent_footprint,SiteID,-1,-1,TREE_90percent_footprint,SiteID,-1,-1,UKFS_90percent_footprint,SiteID,-1,-1,UNDE_90percent_footprint,SiteID,-1,-1,WOOD_90percent_footprint,SiteID,-1,-1,WREF_90percent_footprint,SiteID,-1,-1,YELL_90percent_footprint,SiteID,-1,-1;BUFF_DIST "BUFF_DIST" true true false 19 Double 0 0 ,First,#,ABBY_90percent_footprint,BUFF_DIST,-1,-1,BART_90percent_footprint,BUFF_DIST,-1,-1,BASC_90percent_footprint,BUFF_DIST,-1,-1,BLAN_90percent_footprint,BUFF_DIST,-1,-1,BONA_90percent_footprint,BUFF_DIST,-1,-1,CLBJ_90percent_footprint,BUFF_DIST,-1,-1,CPER_90percent_footprint,BUFF_DIST,-1,-1,DCFS_90percent_footprint,BUFF_DIST,-1,-1,DEJU_90percent_footprint,BUFF_DIST,-1,-1,DELA_90percent_footprint,BUFF_DIST,-1,-1,DSNY_90percent_footprint,BUFF_DIST,-1,-1,GRSM_90percent_footprint,BUFF_DIST,-1,-1,GUAN_90percent_footprint,BUFF_DIST,-1,-1,HARV_90percent_footprint,BUFF_DIST,-1,-1,HEAL_90percent_footprint,BUFF_Dist,-1,-1,JERC_90percent_footprint,BUFF_DIST,-1,-1,JORN_90percent_footprint,BUFF_DIST,-1,-1,KONA_90percent_footprint,BUFF_DIST,-1,-1,LAJA_90percent_footprint,BUFF_DIST,-1,-1,LENO_90percent_footprint,BUFF_DIST,-1,-1,MLBS_90percent_footprint,BUFF_DIST,-1,-1,MOAB_90percent_footprint,BUFF_DIST,-1,-1,NIWO_90percent_footprint,BUFF_DIST,-1,-1,NOGP_90percent_footprint,BUFF_DIST,-1,-1,OAES_90percent_footprint,BUFF_DIST,-1,-1,ONAQ_90percent_footprint,BUFF_DIST,-1,-1,ORNL_90percent_footprint,BUFF_DIST,-1,-1,OSBS_90percent_footprint,BUFF_DIST,-1,-1,PUUM_90percent_footprint,BUFF_DIST,-1,-1,RBUT_90percent_footprint,BUFF_DIST,-1,-1,RMNP_90percent_footprint,BUFF_DIST,-1,-1,SAWB_90percent_footprint,BUFF_DIST,-1,-1,SCBI_90percent_footprint,BUFF_DIST,-1,-1,SERC_90percent_footprint,BUFF_DIST,-1,-1,SJER_90percent_footprint,BUFF_DIST,-1,-1,SOAP_90percent_footprint,BUFF_DIST,-1,-1,SRER_90percent_footprint,BUFF_DIST,-1,-1,STEI_90percent_footprint,BUFF_DIST,-1,-1,STER_90percent_footprint,BUFF_DIST,-1,-1,TALL_90percent_footprint,BUFF_DIST,-1,-1,TEAK_90percent_footprint,BUFF_DIST,-1,-1,TOOL_90percent_footprint,BUFF_DIST,-1,-1,TREE_90percent_footprint,BUFF_DIST,-1,-1,UKFS_90percent_footprint,BUFF_DIST,-1,-1,UNDE_90percent_footprint,BUFF_DIST,-1,-1,WOOD_90percent_footprint,BUFF_DIST,-1,-1,WREF_90percent_footprint,BUFF_DIST,-1,-1,YELL_90percent_footprint,BUFF_DIST,-1,-1;SHAPE_Leng "SHAPE_Leng" true true false 19 Double 0 0 ,First,#,ABBY_90percent_footprint,SHAPE_Leng,-1,-1,BASC_90percent_footprint,SHAPE_Leng,-1,-1,DEJU_90percent_footprint,SHAPE_Leng,-1,-1,GRSM_90percent_footprint,SHAPE_Leng,-1,-1,JERC_90percent_footprint,Shape_Leng,-1,-1,JORN_90percent_footprint,SHAPE_Leng,-1,-1,RMNP_90percent_footprint,SHAPE_Leng,-1,-1,SOAP_90percent_footprint,SHAPE_Leng,-1,-1,STEI_90percent_footprint,SHAPE_Leng,-1,-1,STER_90percent_footprint,SHAPE_Leng,-1,-1,TALL_90percent_footprint,SHAPE_Leng,-1,-1,TOOL_90percent_footprint,SHAPE_Leng,-1,-1,TREE_90percent_footprint,Shape_Leng,-1,-1,WOOD_90percent_footprint,SHAPE_Leng,-1,-1;SHAPE_Area "SHAPE_Area" true true false 19 Double 0 0 ,First,#,ABBY_90percent_footprint,SHAPE_Area,-1,-1,BASC_90percent_footprint,SHAPE_Area,-1,-1,DEJU_90percent_footprint,SHAPE_Area,-1,-1,GRSM_90percent_footprint,SHAPE_Area,-1,-1,JERC_90percent_footprint,Shape_Area,-1,-1,JORN_90percent_footprint,SHAPE_Area,-1,-1,RMNP_90percent_footprint,SHAPE_Area,-1,-1,SOAP_90percent_footprint,SHAPE_Area,-1,-1,STEI_90percent_footprint,SHAPE_Area,-1,-1,STER_90percent_footprint,SHAPE_Area,-1,-1,TALL_90percent_footprint,SHAPE_Area,-1,-1,TOOL_90percent_footprint,SHAPE_Area,-1,-1,TREE_90percent_footprint,Shape_Area,-1,-1;Acres "Acres" true true false 19 Double 0 0 ,First,#,BLAN_90percent_footprint,Acres,-1,-1;Area "Area" true true false 19 Double 0 0 ,First,#,GRSM_90percent_footprint,Area,-1,-1,JERC_90percent_footprint,Area,-1,-1,TALL_90percent_footprint,Area,-1,-1;BUFFDIST "BUFFDIST" true true false 4 Short 0 4 ,First,#,KONZ_90percent_footprint,BUFFDIST,-1,-1;OBJECTID "OBJECTID" true true false 10 Double 0 10 ,First,#,ONAQ_90percent_footprint,OBJECTID,-1,-1,PUUM_90percent_footprint,OBJECTID,-1,-1,RMNP_90percent_footprint,OBJECTID,-1,-1,STEI_90percent_footprint,OBJECTID,-1,-1,STER_90percent_footprint,OBJECTID,-1,-1,TREE_90percent_footprint,OBJECTID,-1,-1,WOOD_90percent_footprint,OBJECTID,-1,-1;SHAPE_STAr "SHAPE_STAr" true true false 19 Double 0 0 ,First,#,ONAQ_90percent_footprint,SHAPE_STAr,-1,-1,PUUM_90percent_footprint,SHAPE_STAr,-1,-1,WOOD_90percent_footprint,SHAPE_STAr,-1,-1;SHAPE_STLe "SHAPE_STLe" true true false 19 Double 0 0 ,First,#,ONAQ_90percent_footprint,SHAPE_STLe,-1,-1,PUUM_90percent_footprint,SHAPE_STLe,-1,-1,WOOD_90percent_footprint,SHAPE_STLe,-1,-1;SHAPE_Le_1 "SHAPE_Le_1" true true false 19 Double 0 0 ,First,#,TALL_90percent_footprint,SHAPE_Le_1,-1,-1,WOOD_90percent_footprint,SHAPE_Le_1,-1,-1;NEONGIS_DB "NEONGIS_DB" true true false 19 Double 8 18 ,First,#,WOOD_90percent_footprint,NEONGIS_DB,-1,-1"</Process><Process ToolSource="c:\program files (x86)\arcgis\desktop10.2\ArcToolbox\Toolboxes\Data Management Tools.tbx\Append" Date="20161024" Time="105721" Name="" export="">Append flux_90percent_footprint 90percent_footprint NO_TEST "Domain "Domain" true false false 19 Double 0 0 ,First,#,flux_90percent_footprint,Domain,-1,-1;DomainName "DomainName" true false false 254 Text 0 0 ,First,#,flux_90percent_footprint,DomainName,-1,-1;SiteName "SiteName" true false false 254 Text 0 0 ,First,#,flux_90percent_footprint,SiteName,-1,-1;Type "Type" true false false 254 Text 0 0 ,First,#,flux_90percent_footprint,Type,-1,-1;Sub_Type "Sub_Type" true false false 254 Text 0 0 ,First,#,flux_90percent_footprint,Sub_Type,-1,-1;Lat "Lat" true false false 19 Double 0 0 ,First,#;Long "Long" true false false 19 Double 0 0 ,First,#;Zone "Zone" true false false 19 Double 0 0 ,First,#,flux_90percent_footprint,Zone,-1,-1;Notes "Notes" true false false 254 Text 0 0 ,First,#,flux_90percent_footprint,Notes,-1,-1;Source "Source" true false false 254 Text 0 0 ,First,#,flux_90percent_footprint,Source,-1,-1;Status "Status" true false false 254 Text 0 0 ,First,#,flux_90percent_footprint,Status,-1,-1;PM_Code "PM_Code" true false false 10 Text 0 0 ,First,#,flux_90percent_footprint,PM_Code,-1,-1;SiteID "SiteID" true false false 4 Text 0 0 ,First,#,flux_90percent_footprint,SiteID,-1,-1;BUFF_DIST "BUFF_DIST" true false false 19 Double 0 0 ,First,#,flux_90percent_footprint,BUFF_DIST,-1,-1;SHAPE_Leng "SHAPE_Leng" true false false 19 Double 0 0 ,First,#;SHAPE_Area "SHAPE_Area" true false false 19 Double 0 0 ,First,#;Acres "Acres" true false false 19 Double 0 0 ,First,#;Area "Area" true false false 19 Double 0 0 ,First,#;BUFFDIST "BUFFDIST" true false false 4 Short 0 4 ,First,#;OBJECTID "OBJECTID" true false false 10 Double 0 10 ,First,#;SHAPE_STAr "SHAPE_STAr" true false false 19 Double 0 0 ,First,#;SHAPE_STLe "SHAPE_STLe" true false false 19 Double 0 0 ,First,#;SHAPE_Le_1 "SHAPE_Le_1" true false false 19 Double 0 0 ,First,#;NEONGIS_DB "NEONGIS_DB" true false false 19 Double 8 18 ,First,#" #</Process><Process ToolSource="c:\program files (x86)\arcgis\desktop10.2\ArcToolbox\Toolboxes\Data Management Tools.tbx\CalculateField" Date="20161024" Time="111011" Name="" export="">CalculateField 90percent_footprint Notes "major" VB #</Process><Process ToolSource="c:\program files (x86)\arcgis\desktop10.2\ArcToolbox\Toolboxes\Data Management Tools.tbx\CalculateField" Date="20161024" Time="111139" Name="" export="">CalculateField 90percent_footprint Status "preliminary" VB #</Process><Process ToolSource="c:\program files (x86)\arcgis\desktop10.2\ArcToolbox\Toolboxes\Data Management Tools.tbx\CalculateField" Date="20161024" Time="111719" Name="" export="">CalculateField 90percent_footprint BUFF_DIST 400 VB #</Process><Process ToolSource="c:\program files (x86)\arcgis\desktop10.2\ArcToolbox\Toolboxes\Data Management Tools.tbx\Append" Date="20161024" Time="113212" Name="" export="">Append UNDE_90percent_footprint 90percent_footprint NO_TEST "Domain "Domain" true false false 19 Double 0 0 ,First,#,UNDE_90percent_footprint,Domain,-1,-1;DomainName "DomainName" true false false 254 Text 0 0 ,First,#,UNDE_90percent_footprint,DomainName,-1,-1;SiteName "SiteName" true false false 254 Text 0 0 ,First,#,UNDE_90percent_footprint,SiteName,-1,-1;Type "Type" true false false 254 Text 0 0 ,First,#,UNDE_90percent_footprint,Type,-1,-1;Zone "Zone" true false false 19 Double 0 0 ,First,#,UNDE_90percent_footprint,Zone,-1,-1;Notes "Notes" true false false 254 Text 0 0 ,First,#,UNDE_90percent_footprint,Notes,-1,-1;Source "Source" true false false 254 Text 0 0 ,First,#,UNDE_90percent_footprint,Source,-1,-1;SiteID "SiteID" true false false 4 Text 0 0 ,First,#,UNDE_90percent_footprint,SiteID,-1,-1;BUFF_DIST "BUFF_DIST" true false false 19 Double 0 0 ,First,#,UNDE_90percent_footprint,BUFF_DIST,-1,-1" #</Process><Process ToolSource="c:\program files (x86)\arcgis\desktop10.2\ArcToolbox\Toolboxes\Data Management Tools.tbx\CalculateField" Date="20161024" Time="113420" Name="" export="">CalculateField 90percent_footprint Source "1-D absolute_FP_flux.csv" VB #</Process><Process ToolSource="c:\program files (x86)\arcgis\desktop10.2\ArcToolbox\Toolboxes\Data Management Tools.tbx\CalculateField" Date="20161024" Time="113431" Name="" export="">CalculateField 90percent_footprint Source "1-D absolute_FP_flux.csv" VB #</Process><Process ToolSource="c:\program files (x86)\arcgis\desktop10.2\ArcToolbox\Toolboxes\Data Management Tools.tbx\Append" Date="20170116" Time="120717" Name="" export="">Append STEI_90percent_footprint 90percent_footprint NO_TEST "Domain "Domain" true false false 19 Double 0 0 ,First,#,STEI_90percent_footprint,Domain,-1,-1;DomainName "DomainName" true false false 254 Text 0 0 ,First,#,STEI_90percent_footprint,DomainName,-1,-1;SiteName "SiteName" true false false 254 Text 0 0 ,First,#,STEI_90percent_footprint,SiteName,-1,-1;Type "Type" true false false 254 Text 0 0 ,First,#,STEI_90percent_footprint,Type,-1,-1;Zone "Zone" true false false 19 Double 0 0 ,First,#,STEI_90percent_footprint,Zone,-1,-1;Notes "Notes" true false false 254 Text 0 0 ,First,#,STEI_90percent_footprint,Notes,-1,-1;Source "Source" true false false 254 Text 0 0 ,First,#,STEI_90percent_footprint,Source,-1,-1;SiteID "SiteID" true false false 4 Text 0 0 ,First,#,STEI_90percent_footprint,SiteID,-1,-1;BUFF_DIST "BUFF_DIST" true false false 19 Double 0 0 ,First,#,STEI_90percent_footprint,BUFF_DIST,-1,-1" #</Process><Process ToolSource="c:\program files (x86)\arcgis\desktop10.2\ArcToolbox\Toolboxes\Data Management Tools.tbx\Append" Date="20170116" Time="132305" Name="" export="">Append BONA_90percent_footprint 90percent_footprint NO_TEST "Domain "Domain" true false false 19 Double 0 0 ,First,#,BONA_90percent_footprint,Domain,-1,-1;DomainName "DomainName" true false false 254 Text 0 0 ,First,#,BONA_90percent_footprint,DomainName,-1,-1;SiteName "SiteName" true false false 254 Text 0 0 ,First,#,BONA_90percent_footprint,SiteName,-1,-1;Type "Type" true false false 254 Text 0 0 ,First,#,BONA_90percent_footprint,Type,-1,-1;Zone "Zone" true false false 19 Double 0 0 ,First,#;Notes "Notes" true false false 254 Text 0 0 ,First,#,BONA_90percent_footprint,Notes,-1,-1;Source "Source" true false false 254 Text 0 0 ,First,#,BONA_90percent_footprint,Source,-1,-1;SiteID "SiteID" true false false 4 Text 0 0 ,First,#,BONA_90percent_footprint,SiteID,-1,-1;BUFF_DIST "BUFF_DIST" true false false 19 Double 0 0 ,First,#,BONA_90percent_footprint,BUFF_DIST,-1,-1" #</Process><Process ToolSource="c:\program files (x86)\arcgis\desktop10.4\ArcToolbox\Toolboxes\Data Management Tools.tbx\CalculateField" Date="20170703" Time="100711" Name="" export="">CalculateField 90percent_footprint SiteID "BARR" VB #</Process><Process ToolSource="c:\program files (x86)\arcgis\desktop10.5\ArcToolbox\Toolboxes\Data Management Tools.tbx\CalculateField" Date="20190211" Time="131657" Name="" export="">CalculateField 90percent_footprint SiteName "Caribou-Poker Creeks Research Watershed" VB #</Process></lineage></DataProperties><SyncDate>20190211</SyncDate><SyncTime>13213000</SyncTime><ModDate>20190211</ModDate><ModTime>13223000</ModTime><scaleRange><minScale>20000000</minScale><maxScale>5000</maxScale></scaleRange><ArcGISProfile>ItemDescription</ArcGISProfile></Esri><dataIdInfo><envirDesc Sync="TRUE"> Version 6.2 (Build 9200) ; Esri ArcGIS 10.5.1.7333</envirDesc><dataLang><languageCode value="eng" Sync="TRUE"/><countryCode value="USA" Sync="TRUE"/></dataLang><idCitation xmlns=""><resTitle Sync="TRUE">90percent_footprint</resTitle><presForm xmlns=""><PresFormCd value="005" Sync="TRUE"/></presForm><otherCitDet>Battelle requests that users cite data use as "National Ecological Observatory Network. 2016. Data accessed on [date of access]. Available on-line  http://data.neonscience.org/ from Battelle, Boulder, CO, USA." Unique, reproducible citation codes on a per-download basis are currently in development. </otherCitDet></idCitation><spatRpType><SpatRepTypCd value="001" Sync="TRUE"/></spatRpType><dataExt><geoEle xmlns=""><GeoBndBox esriExtentType="search"><exTypeCode Sync="TRUE">1</exTypeCode><westBL Sync="TRUE">-156.638902</westBL><eastBL Sync="TRUE">-66.862659</eastBL><northBL Sync="TRUE">71.287990</northBL><southBL Sync="TRUE">17.964284</southBL></GeoBndBox></geoEle></dataExt><idPurp>Footprint of 90% flux zone</idPurp><idAbs>&lt;DIV STYLE="text-align:Left;"&gt;&lt;DIV&gt;&lt;DIV&gt;&lt;P&gt;&lt;SPAN&gt;Footprint of 90% flux zone from NEON Fundamental Instrument Unit 1-Dabsolute_FP_flux.csv&lt;/SPAN&gt;&lt;/P&gt;&lt;/DIV&gt;&lt;/DIV&gt;&lt;/DIV&gt;</idAbs><idCredit>NEON is sponsored by the National Science Foundation and operated under a cooperative agreement by Battelle. </idCredit><searchKeys><keyword>NEON</keyword><keyword>terrestrial tower</keyword><keyword>flux footprint</keyword><keyword>90 percent</keyword><keyword>90%</keyword></searchKeys><resConst><Consts><useLimit>&lt;DIV STYLE="text-align:Left;"&gt;&lt;DIV&gt;&lt;DIV&gt;&lt;P&gt;&lt;SPAN&gt;THE NEON DATA PRODUCTS ARE PROVIDED "AS IS", WITHOUT WARRANTY OF ANY KIND, EXPRESS OR IMPLIED, INCLUDING BUT NOT LIMITED TO THE WARRANTIES OF MERCHANTABILITY, FITNESS FOR A PARTICULAR PURPOSE, TITLE AND NON-INFRINGEMENT. IN NO EVENT SHALL THE COPYRIGHT HOLDERS OR ANYONE DISTRIBUTING THE NEON DATA PRODUCTS BE LIABLE FOR ANY DAMAGES OR OTHER LIABILITY, WHETHER IN CONTRACT, TORT OR OTHERWISE, ARISING FROM, OUT OF OR IN CONNECTION WITH THE NEON DATA PRODUCTS.&lt;/SPAN&gt;&lt;/P&gt;&lt;/DIV&gt;&lt;/DIV&gt;&lt;/DIV&gt;</useLimit></Consts></resConst></dataIdInfo><mdLang><languageCode value="eng" Sync="TRUE"/><countryCode value="USA" Sync="TRUE"/></mdLang><mdChar><CharSetCd value="004" Sync="TRUE"/></mdChar><distInfo><distFormat><formatName Sync="TRUE">Shapefile</formatName></distFormat><distTranOps><transSize Sync="TRUE">0.064</transSize></distTranOps></distInfo><mdHrLv><ScopeCd value="005" Sync="TRUE"/></mdHrLv><mdHrLvName Sync="TRUE">dataset</mdHrLvName><refSysInfo><RefSystem><refSysID><identCode code="4326" Sync="TRUE"/><idCodeSpace Sync="TRUE">EPSG</idCodeSpace><idVersion Sync="TRUE">6.14(3.0.1)</idVersion></refSysID></RefSystem></refSysInfo><spatRepInfo><VectSpatRep><geometObjs Name="90percent_footprint"><geoObjTyp><GeoObjTypCd value="002" Sync="TRUE"/></geoObjTyp><geoObjCnt Sync="TRUE">77</geoObjCnt></geometObjs><topLvl><TopoLevCd value="001" Sync="TRUE"/></topLvl></VectSpatRep></spatRepInfo><spdoinfo><ptvctinf><esriterm Name="90percent_footprint"><efeatyp Sync="TRUE">Simple</efeatyp><efeageom code="4" Sync="TRUE"/><esritopo Sync="TRUE">FALSE</esritopo><efeacnt Sync="TRUE">77</efeacnt><spindex Sync="TRUE">FALSE</spindex><linrefer Sync="TRUE">FALSE</linrefer></esriterm></ptvctinf></spdoinfo><eainfo><detailed Name="90percent_footprint"><enttyp><enttypl Sync="TRUE">90percent_footprint</enttypl><enttypt Sync="TRUE">Feature Class</enttypt><enttypc Sync="TRUE">77</enttypc></enttyp><attr><attrlabl Sync="TRUE">FID</attrlabl><attalias Sync="TRUE">FID</attalias><attrtype Sync="TRUE">OID</attrtype><attwidth Sync="TRUE">4</attwidth><atprecis Sync="TRUE">0</atprecis><attscale Sync="TRUE">0</attscale><attrdef Sync="TRUE">Internal feature number.</attrdef><attrdefs Sync="TRUE">Esri</attrdefs><attrdomv><udom Sync="TRUE">Sequential unique whole numbers that are automatically generated.</udom></attrdomv></attr><attr><attrlabl Sync="TRUE">Shape</attrlabl><attalias Sync="TRUE">Shape</attalias><attrtype Sync="TRUE">Geometry</attrtype><attwidth Sync="TRUE">0</attwidth><atprecis Sync="TRUE">0</atprecis><attscale Sync="TRUE">0</attscale><attrdef Sync="TRUE">Feature geometry.</attrdef><attrdefs Sync="TRUE">Esri</attrdefs><attrdomv><udom Sync="TRUE">Coordinates defining the features.</udom></attrdomv></attr><attr><attrlabl Sync="TRUE">Domain</attrlabl><attalias Sync="TRUE">Domain</attalias><attrtype Sync="TRUE">Double</attrtype><attwidth Sync="TRUE">19</attwidth><atprecis Sync="TRUE">0</atprecis><attscale Sync="TRUE">0</attscale></attr><attr><attrlabl Sync="TRUE">DomainName</attrlabl><attalias Sync="TRUE">DomainName</attalias><attrtype Sync="TRUE">String</attrtype><attwidth Sync="TRUE">254</attwidth><atprecis Sync="TRUE">0</atprecis><attscale Sync="TRUE">0</attscale></attr><attr><attrlabl Sync="TRUE">SiteName</attrlabl><attalias Sync="TRUE">SiteName</attalias><attrtype Sync="TRUE">String</attrtype><attwidth Sync="TRUE">254</attwidth><atprecis Sync="TRUE">0</atprecis><attscale Sync="TRUE">0</attscale></attr><attr><attrlabl Sync="TRUE">Type</attrlabl><attalias Sync="TRUE">Type</attalias><attrtype Sync="TRUE">String</attrtype><attwidth Sync="TRUE">254</attwidth><atprecis Sync="TRUE">0</atprecis><attscale Sync="TRUE">0</attscale></attr><attr><attrlabl Sync="TRUE">Zone</attrlabl><attalias Sync="TRUE">Zone</attalias><attrtype Sync="TRUE">Double</attrtype><attwidth Sync="TRUE">19</attwidth><atprecis Sync="TRUE">0</atprecis><attscale Sync="TRUE">0</attscale></attr><attr><attrlabl Sync="TRUE">Notes</attrlabl><attalias Sync="TRUE">Notes</attalias><attrtype Sync="TRUE">String</attrtype><attwidth Sync="TRUE">254</attwidth><atprecis Sync="TRUE">0</atprecis><attscale Sync="TRUE">0</attscale></attr><attr><attrlabl Sync="TRUE">Source</attrlabl><attalias Sync="TRUE">Source</attalias><attrtype Sync="TRUE">String</attrtype><attwidth Sync="TRUE">254</attwidth><atprecis Sync="TRUE">0</atprecis><attscale Sync="TRUE">0</attscale></attr><attr><attrlabl Sync="TRUE">SiteID</attrlabl><attalias Sync="TRUE">SiteID</attalias><attrtype Sync="TRUE">String</attrtype><attwidth Sync="TRUE">4</attwidth><atprecis Sync="TRUE">0</atprecis><attscale Sync="TRUE">0</attscale></attr><attr><attrlabl Sync="TRUE">BUFF_DIST</attrlabl><attalias Sync="TRUE">BUFF_DIST</attalias><attrtype Sync="TRUE">Double</attrtype><attwidth Sync="TRUE">19</attwidth><atprecis Sync="TRUE">0</atprecis><attscale Sync="TRUE">0</attscale></attr></detailed></eainfo><mdDateSt Sync="TRUE">20190211</mdDateSt></metadata>
