<?xml version="1.0" encoding="UTF-8"?>
<metadata xml:lang="en"><Esri><CreaDate>20200415</CreaDate><CreaTime>18572500</CreaTime><ArcGISFormat>1.0</ArcGISFormat><ArcGISstyle>FGDC CSDGM Metadata</ArcGISstyle><SyncOnce>TRUE</SyncOnce><DataProperties><lineage><Process ToolSource="c:\program files (x86)\arcgis\desktop10.5\ArcToolbox\Toolboxes\Data Management Tools.tbx\CalculateField" Date="20200415" Time="185725">CalculateField NEON_Field_Sites_v16_1 siteName "Utqiaġvik" VB #</Process><Process ToolSource="c:\program files (x86)\arcgis\desktop10.5\ArcToolbox\Toolboxes\Data Management Tools.tbx\CalculateField" Date="20200415" Time="185748">CalculateField NEON_Field_Sites_v16_1 siteHost "Ukpeaġvik Iñupiat Corporation" VB #</Process></lineage></DataProperties></Esri></metadata>
