"fieldName","description","dataType","units","downloadPkg"
"uid","Unique ID within NEON database; an identifier for the record","string","NA","basic"
"domainID","Unique identifier of the NEON domain","string","NA","basic"
"siteID","NEON site code","string","NA","basic"
"collectDate","Date or date and time of measurement, observation, or collection event","dateTime","NA","basic"
"streamStage","Reading of water height on staff gauge","real","meter","basic"
"totalDischarge","Calculated discharge from the velocity meter device","real","litersPerSecond","basic"
"samplingProtocol","The NEON document number where detailed information regarding the sampling method used is available; format NEON.DOC.######","string","NA","basic"
"samplingProtocolVersion","The NEON document number and version where detailed information regarding the sampling method used is available; format NEON.DOC.######vX","string","NA","basic"
"collectedBy","An identifier for the technician who collected the sample or specimen","string","NA","request"
"handheldDeviceID","Serial number of the handheld stream velocity device","string","NA","basic"
"velocitySensorID","Serial number of the velocity sensor for the handheld stream velocity device","string","NA","basic"
"filterParamTime","Length of time over which each velocity measurement was collected; this is for fixed point averaging","real","second","basic"
"stationEntryTest","Fixed or non-fixed sample station widths; should be non-fixed","string","NA","request"
"waterEdge","Defines which edge of the stream where transect starts; follows standard right - left convention for streams","string","NA","request"
"rawDischargeFile","Raw data file from the handheld device; provided to users as metadata","csv","NA","request"
"dscUnitsFail","A flag that indicates that discharge volume units from field device were not recognized","real","NA","basic"
"dscWaterEdgeWarn","A flag that indicates that discharge measurements were initiated on the 'left edge' of the stream transect, rather than the standard 'right edge'","real","NA","request"
"dscStationEntryWarn","A flag that indicates that discharge measurements were not taken from 'non-fixed' stations","real","NA","request"
"dscFilterParamWarn","A flag that indicates that discharge measurements were taken with a filter parameter time less than 10 seconds","real","NA","request"