"uid","domainID","siteID","plotID","trapCoordinate","nlcdClass","decimalLatitude","decimalLongitude","geodeticDatum","coordinateUncertainty","elevation","elevationUncertainty","date","eventID","individualID","taxonID","scientificName","taxonRank","identificationQualifier","identificationStatus","sex","reproductiveCondition","recapture","fate","replacedTag","lifeStage","testes","nipples","pregnancyStatus","vagina","hindfootLength","earLength","tailLength","totalLength","weight","bloodSampleID","bloodSampleMethod","fecalSampleID","fecalSampleCondition","earSampleID","hairSampleID","whiskerSampleID","voucherSampleID","measuredBy","recordedBy","remarks","consistencyTagIDSexQF","consistencyTagIDTaxonIDQF","consistencyTagIDLifeStageQF","orderTagIDRecaptureQF","orderTagIDLifeStageQF"
"6565E5A80D75438EA31AD184B8AFA194","D03","OSBS","OSBS_023","F9","emergentHerbaceousWetlands",29.72318483,-81.98431008,"WGS84",,32,,"2013-07-13","MAM.OSBS.2013.07","NEON.MAM.D03.0L2176","SIHI","Sigmodon hispidus","species",," ","M","N","N",,,"subadult","nonscrotal",,,,30,,,,123,"OSBS.20130713.L2176.B","retroorbital","OSBS.20130713.L2176.F","fresh","OSBS.20130713.L2176.E","OSBS.20130713.L2176.H","OSBS.20130713.L2176.H",,"Og6WBnpVjODUH13MWbFaL/CkHIfmSZ72","ZatnMAVjxd5EQfIktDH7rfXJVi88O90K",,0,0,0,-1,0
"40B5DFDBDADA4D0DAAEB67F436595CE8","D03","OSBS","OSBS_023","F2","emergentHerbaceousWetlands",29.72381648,-81.98431624,"WGS84",,32,,"2013-07-13","MAM.OSBS.2013.07","NEON.MAM.D03.0L2139","SIHI","Sigmodon hispidus","species",," ",,"N","N",,,,,,"not",,30,,,,,,,,,"OSBS.20130713.L2139.E",,,,"Og6WBnpVjODUH13MWbFaL/CkHIfmSZ72","ZatnMAVjxd5EQfIktDH7rfXJVi88O90K","possible escape",0,0,0,-1,0
"23190D78B5154873BBB6B38A2BEE5440","D03","OSBS","OSBS_023","F3","emergentHerbaceousWetlands",29.72372625,-81.98431536,"WGS84",,32,,"2013-07-13","MAM.OSBS.2013.07","NEON.MAM.D03.0L2189","SIHI","Sigmodon hispidus","species",," ","M","R","N",,,"adult","scrotal",,,,31,,,,183,"OSBS.20130713.L2189.B","retroorbital","OSBS.20130713.L2189.F","fresh","OSBS.20130713.L2189.E","OSBS.20130713.L2189.H","OSBS.20130713.L2189.H",,"Og6WBnpVjODUH13MWbFaL/CkHIfmSZ72","ZatnMAVjxd5EQfIktDH7rfXJVi88O90K",,0,0,0,-1,0
"C47DFFD829F044CABB73AEE7B44CE497","D03","OSBS","OSBS_005","B2","woodyWetlands",29.69541405,-82.02636247,"WGS84",,37.65763691,,"2013-09-11","MAM.OSBS.2013.09","NEON.MAM.D03.0L2026","SIHI","Sigmodon hispidus","species",," ","F","N","N",,,"adult",,"nonenlarged","not","neither",30,,,,90,"OSBS.20130911.L2026.B","retroorbital","OSBS.20130911.L2026.F","old","OSBS.20130911.L2026.E","OSBS.20130911.L2026.H","OSBS.20130911.L2026.H",,"J32yyfIpEw10V134pg+cYBs1wYtGesxg","MPTIP7pKlEeFtUk9POgRXaprSs7c1yJc",,0,0,0,-1,0
"09C0378EF77F4699819FD6A7FD196106","D03","OSBS","OSBS_005","J3","woodyWetlands",29.69533022,-82.02553473,"WGS84",,37.16588832,,"2013-09-12","MAM.OSBS.2013.09","NEON.MAM.D03.0R2021","SIHI","Sigmodon hispidus","species",," ","F","N","N",,,"adult",,"nonenlarged","not","neither",31,,,,128,"OSBS.20130912.R2021.B","retroorbital","OSBS.20130912.R2021.F","fresh","OSBS.20130912.R2021.E","OSBS.20130912.R2021.H","OSBS.20130912.R2021.H",,"YSMY4NeqPCXVzAe9ZwztPCiuwP7psxY1","Og6WBnpVjODUH13MWbFaL/CkHIfmSZ72","in hand too long- released ",0,0,0,-1,0
"692C592C82AA4D30AAA1DC195D4C1AB2","D03","OSBS","OSBS_005","F7","woodyWetlands",29.69496607,-82.02594448,"WGS84",,37.08800964,,"2013-09-12","MAM.OSBS.2013.09",,"GLVO","Glaucomys volans","species",," ","M","R","N","nontarget",,"adult","scrotal",,,,,,,,,,,,,,,,,"YSMY4NeqPCXVzAe9ZwztPCiuwP7psxY1","Og6WBnpVjODUH13MWbFaL/CkHIfmSZ72",,-1,-1,-1,-1,-1
"BEA685C7529047E180B7991784F440DA","D03","OSBS","OSBS_005","J2","woodyWetlands",29.69542045,-82.02553565,"WGS84",,37.23732625,,"2013-09-12","MAM.OSBS.2013.09","NEON.MAM.D03.0R2014","SIHI","Sigmodon hispidus","species",," ","M","N","N",,,"adult","nonscrotal",,,,,,,,,"OSBS.20130912.R2014.B","retroorbital","OSBS.20130912.R2014.F","fresh","OSBS.20130912.R2014.E","OSBS.20130912.R2014.H","OSBS.20130912.R2014.H",,"YSMY4NeqPCXVzAe9ZwztPCiuwP7psxY1","Og6WBnpVjODUH13MWbFaL/CkHIfmSZ72","in hand too long - released",0,0,0,-1,0
"E9D3CB3227A44AE4962BDF2C315CEF6E","D03","OSBS","OSBS_005","J2","woodyWetlands",29.69542045,-82.02553565,"WGS84",,37.23732625,,"2013-09-12","MAM.OSBS.2013.09","NEON.MAM.D03.0R2014","SIHI","Sigmodon hispidus","species",," ","M","N","N",,,"adult","nonscrotal",,,,,,,,,"OSBS.20130912.R2014.B","retroorbital","OSBS.20130912.R2014.F","fresh","OSBS.20130912.R2014.E","OSBS.20130912.R2014.H","OSBS.20130912.R2014.H",,"YSMY4NeqPCXVzAe9ZwztPCiuwP7psxY1","Og6WBnpVjODUH13MWbFaL/CkHIfmSZ72","In hand too long- released",0,0,0,-1,0
"0B8AC6B59AE44C2E9246F9B725197470","D03","OSBS","OSBS_005","J3","woodyWetlands",29.69533022,-82.02553473,"WGS84",,37.16588832,,"2013-09-12","MAM.OSBS.2013.09","NEON.MAM.D03.0R2021","SIHI","Sigmodon hispidus","species",," ","F","N","N",,,"adult",,"nonenlarged","not","neither",31,,,,128,"OSBS.20130912.R2021.B","retroorbital","OSBS.20130912.R2021.F","fresh","OSBS.20130912.R2021.E","OSBS.20130912.R2021.H","OSBS.20130912.R2021.H",,"YSMY4NeqPCXVzAe9ZwztPCiuwP7psxY1","Og6WBnpVjODUH13MWbFaL/CkHIfmSZ72","In hand too long- released",0,0,0,-1,0
"F3415FB196D647AEA3D5E087D1879F82","D03","OSBS","OSBS_005","I1","woodyWetlands",29.69550989,-82.02563992,"WGS84",,37.36185702,,"2013-09-13","MAM.OSBS.2013.09",,"PESP","Peromyscus sp.","genus","cf. species"," ",,"N","Y","escaped",,,,,"not",,,,,,,,,,,,,,,"B39Fz+6ICuzsBzlHVUgoASwdeU6J+1wE","CLwrvAJdtAalrm+QV6SRfOkYlwXhAzWx",,-1,-1,-1,-1,-1
"4161A4CB50AD4C4FB48279C66DD4B0F9","D03","OSBS","OSBS_005","G2","woodyWetlands",29.69541805,-82.02584571,"WGS84",,37.39557953,,"2013-09-13","MAM.OSBS.2013.09","NEON.MAM.D03.0R2021","SIHI","Sigmodon hispidus","species",," ","F","N","Y","escaped",,"adult",,"nonenlarged","not","neither",24,,,,,,,,,,,,,"B39Fz+6ICuzsBzlHVUgoASwdeU6J+1wE","CLwrvAJdtAalrm+QV6SRfOkYlwXhAzWx",,0,0,0,-1,0
"A0CC995391C8448D87A8C31C9498CB6E","D03","OSBS","OSBS_005","D2","woodyWetlands",29.69541565,-82.02615577,"WGS84",,37.55306867,,"2013-09-13","MAM.OSBS.2013.09","NEON.MAM.D03.0R2019","SIHI","Sigmodon hispidus","species",," ","M","R","N",,,"adult","scrotal",,,,33,,,,153,"OSBS.20130913.R2019.B","retroorbital",,,"OSBS.20130913.R2019.E","OSBS.20130913.R2019.H","OSBS.20130913.R2019.H",,"B39Fz+6ICuzsBzlHVUgoASwdeU6J+1wE","CLwrvAJdtAalrm+QV6SRfOkYlwXhAzWx",,0,0,0,-1,0
"DABD9545B9684F1E95E3FE360372DD43","D03","OSBS","OSBS_005","I2","woodyWetlands",29.69541965,-82.025639,"WGS84",,37.29016225,,"2013-09-13","MAM.OSBS.2013.09","NEON.MAM.D03.0R2014","SIHI","Sigmodon hispidus","species",," ","M","R","Y",,,"adult","scrotal",,,,32,,,,173,,,,,,,,,"B39Fz+6ICuzsBzlHVUgoASwdeU6J+1wE","CLwrvAJdtAalrm+QV6SRfOkYlwXhAzWx",,0,0,0,-1,0
"3448B643F6094512BECA9F701C9315AB","D03","OSBS","OSBS_005","D10","woodyWetlands",29.69469376,-82.02614843,"WGS84",,36.97474759,,"2014-04-23","MAM.OSBS.2014.05",,"GLVO","Glaucomys volans","species",," ","U","N","N",,,"adult",,,"not",,,,,,,,,,,,,,,"Sb8D4VxxoIjNRU2egFuiFmhpZdv5UFvW","SZd6jJU+PWukgvziuyetpzviWNuM2FzT","non target- released without processing",-1,-1,-1,-1,-1
"7A77874866144300B189B80DBBFC1F10","D03","OSBS","OSBS_004","I3","evergreenForest",29.68314569,-81.95777463,"WGS84",,39.87652299,,"2014-04-23","MAM.OSBS.2014.05",,,,,," ",,"N",,,,,,,,,,,,,,,,,,,,,,"JdN6ZmAx7oWFIyzymv+BnRh9VwthDgp6K22EnIME4dI=","4cqeLHiLe4hyy8sn+zfSLIDfctUtW0hJ",,-1,-1,-1,-1,-1
"5253E3644E3347F29DB57C2D541E9414","D03","OSBS","OSBS_012","D4","woodyWetlands",29.72019603,-81.98509806,"WGS84",,32.05418531,,"2014-06-18","MAM.OSBS.2014.07","NEON.MAM.D03.0L2725","SIHI","Sigmodon hispidus","species",," ","M","R","Y",,"Left","adult","scrotal",,,,30,,,,85,,"unsuccessful","OSBS.20140618.L2725.F","fresh",,,,,"v7a5KMTkFH7DgaRo46hfflVQQqwuV2HD","JdN6ZmAx7oWmgJTT7ZCkIiDetk5BQ8MqI0IpeCDHq2o=","blood not collect b/c not bleeding site.  Also, a recapture that needed eartag replaced, no previous tag # available",0,0,0,-1,0
"21B72F5B850249C0BC10AED8345BC3C3","D03","OSBS","OSBS_005","E1","woodyWetlands",29.69550669,-82.02605333,"WGS84",,37.57308929,,"2014-06-19","MAM.OSBS.2014.07","NEON.MAM.D03.0R2735","OCNU","Ochrotomys nuttalli","species",," ","M","N","N",,,"adult","nonscrotal",,,,18,,,,17,,,"OSBS.20140619.R2735.F","fresh","OSBS.20140619.R2735.E",,,,"F0OBrKFXXmbaX1Z1kxjlur7RvhHv7pRm","5DgdPLlMgjaR2O77F10sUDRhg75PRbnT",,0,0,0,-1,0
"7AB0768A34084DFCB93ED3790A583D36","D03","OSBS","OSBS_023","G8","emergentHerbaceousWetlands",29.72327583,-81.98420758,"WGS84",,32,,"2014-06-19","MAM.OSBS.2014.07","NEON.MAM.D03.0L1079","SIHI","Sigmodon hispidus","species",," ","M","R","N","escaped",,"adult","scrotal",,,,32,,,,,,"unsuccessful","OSBS.20140619.L1079.F","old","OSBS.20140619.L1079.E",,,,"JdN6ZmAx7oWmgJTT7ZCkIiDetk5BQ8MqI0IpeCDHq2o=","4L8ym37Asu8N3cU4D/tF0hHqApAg5DIM","Escaped before getting weight; could not get blood - need longer lancet!",0,0,0,-1,0
"F91F9353B4EA4AF79BCFBB6F0E775000","D03","OSBS","OSBS_023","A8","emergentHerbaceousWetlands",29.72327122,-81.98482787,"WGS84",,32,,"2014-06-19","MAM.OSBS.2014.07","NEON.MAM.D03.0L1024","SIHI","Sigmodon hispidus","species",," ","M","R","N",,,"adult","scrotal",,,,32,,,,172,,"unsuccessful","OSBS.20140619.L1024.F","fresh","OSBS.20140619.L1024.E",,,,"JdN6ZmAx7oWmgJTT7ZCkIiDetk5BQ8MqI0IpeCDHq2o=","4L8ym37Asu8N3cU4D/tF0hHqApAg5DIM",,0,0,0,-1,0
"C21CC99766F24B1C8CD19562B5BB968F","D03","OSBS","OSBS_023","A6","emergentHerbaceousWetlands",29.72345169,-81.98482963,"WGS84",,32,,"2014-06-19","MAM.OSBS.2014.07","NEON.MAM.D03.0R1073","SIHI","Sigmodon hispidus","species",," ","M","N","N",,,"juvenile","nonscrotal",,,,32,,,,60,,"unsuccessful",,,"OSBS.20140619.R1073.E",,,,"JdN6ZmAx7oWmgJTT7ZCkIiDetk5BQ8MqI0IpeCDHq2o=","4L8ym37Asu8N3cU4D/tF0hHqApAg5DIM",,0,0,0,-1,0
"A89E46985761417981F8EBAE16F6F6BA","D03","OSBS","OSBS_005","B7","woodyWetlands",29.69496287,-82.02635788,"WGS84",,37.2937991,,"2014-06-19","MAM.OSBS.2014.07",,"GLVO","Glaucomys volans","species",," ",,"N","N","nontarget",,,,,"not",,,,,,,,,,,,,,,"F0OBrKFXXmbaX1Z1kxjlur7RvhHv7pRm","5DgdPLlMgjaR2O77F10sUDRhg75PRbnT","Flying squirrel released",-1,-1,-1,-1,-1
"FE8CB487FB3B4563B1CC844D7494E393","D03","OSBS","OSBS_005","F2","woodyWetlands",29.69541725,-82.02594906,"WGS84",,37.44816082,,"2014-06-20","MAM.OSBS.2014.07","NEON.MAM.D03.0R2735","OCNU","Ochrotomys nuttalli","species",," ","M","N","Y",,,"adult","nonscrotal",,,,17,,,,16,,,"OSBS.20140620.R2735.F","old",,,,,"F0OBrKFXXmbaX1Z1kxjlur7RvhHv7pRm","5DgdPLlMgjaR2O77F10sUDRhg75PRbnT",,0,0,0,-1,0
"F0AD0304913049F99EDEC72A9B21BFAB","D03","OSBS","OSBS_023","A10","emergentHerbaceousWetlands",29.72309075,-81.98482611,"WGS84",,32,,"2014-06-20","MAM.OSBS.2014.07","NEON.MAM.D03.0L1079","SIHI","Sigmodon hispidus","species",," ","M","R","Y",,,"adult","scrotal",,,,31,,,,152,,"unsuccessful","OSBS.20140620.L1079.F","fresh",,,,,"JdN6ZmAx7oWmgJTT7ZCkIiDetk5BQ8MqI0IpeCDHq2o=","4L8ym37Asu8N3cU4D/tF0hHqApAg5DIM",,0,0,0,-1,0
"9DEA688BB04C4E69BDC8F006E9C46E44","D03","OSBS","OSBS_005","D10","woodyWetlands",29.69469376,-82.02614843,"WGS84",,36.97474759,,"2014-06-20","MAM.OSBS.2014.07",,"GLVO","Glaucomys volans","species",," ",,"N","N","nontarget",,,,,"not",,,,,,,,,,,,,,,"F0OBrKFXXmbaX1Z1kxjlur7RvhHv7pRm","5DgdPLlMgjaR2O77F10sUDRhg75PRbnT",,-1,-1,-1,-1,-1
"BA811C2471644907A2B4C33660665C84","D03","OSBS","OSBS_023","H6","emergentHerbaceousWetlands",29.72345707,-81.98410595,"WGS84",,32,,"2014-07-22","MAM.OSBS.2014.08",,"SIHI","Sigmodon hispidus","species",," ","F","N","N","escaped",,"juvenile",,"nonenlarged","not","neither",,,,,,,,,,,,,,"JdN6ZmAx7oWFIyzymv+BnRh9VwthDgp6K22EnIME4dI=","4L8ym37Asu+KsQosRbU6bIsf8XS1mmQL","partially degloved on tail.",-1,-1,-1,-1,-1
"40284B6DAC82416EB044DE4275245057","D03","OSBS","OSBS_023","A3","emergentHerbaceousWetlands",29.7237224,-81.98483227,"WGS84",,32,,"2014-07-22","MAM.OSBS.2014.08","NEON.MAM.D03.0R2390","SIHI","Sigmodon hispidus","species",," ","F","N","N",,,"adult",,"nonenlarged","not","neither",32,,,,142,,,"OSBS.20140722.R2390.F","old","OSBS.20140722.R2390.E",,,,"JdN6ZmAx7oWFIyzymv+BnRh9VwthDgp6K22EnIME4dI=","4L8ym37Asu+KsQosRbU6bIsf8XS1mmQL",,0,0,0,-1,0
"148C5BAE043B4E7FA8B88BAF7AA50858","D03","OSBS","OSBS_023","J7","emergentHerbaceousWetlands",29.72336837,-81.98389831,"WGS84",,32,,"2014-07-22","MAM.OSBS.2014.08","NEON.MAM.D03.0R2308","SIHI","Sigmodon hispidus","species",," ","M","R","Y",,"R","adult","scrotal",,,,31,,,,202,,,"OSBS.20140722.R2308.F","fresh",,,,,"JdN6ZmAx7oWFIyzymv+BnRh9VwthDgp6K22EnIME4dI=","4L8ym37Asu+KsQosRbU6bIsf8XS1mmQL",,0,0,0,-1,0
"AA62D6ADD24246A6A6325B3CA671E4CA","D03","OSBS","OSBS_023","D5","emergentHerbaceousWetlands",29.72354424,-81.98452036,"WGS84",,32,,"2014-07-23","MAM.OSBS.2014.08","NEON.MAM.D03.0R2390","SIHI","Sigmodon hispidus","species",," ","F","N","Y",,,"adult",,"nonenlarged","not","neither",31,,,,142,"OSBS.20140723.R2390.B","retroorbital",,,,,,,"+6h4Bbwl6lsxSBlxnuuUivKHmzwWv+oA","4L8ym37Asu+KsQosRbU6bIsf8XS1mmQL",,0,0,0,-1,0
"E1AB9FFEEBAC4EF8B056384728C57A3C","D03","OSBS","OSBS_023","A3","emergentHerbaceousWetlands",29.7237224,-81.98483227,"WGS84",,32,,"2014-07-23","MAM.OSBS.2014.08","NEON.MAM.D03.0R2396","SIHI","Sigmodon hispidus","species",," ","F","N","N",,,"subadult",,"nonenlarged","not","neither",31,,,,94,"OSBS.20140723.R2396.B","retroorbital","OSBS.20140723.R2396.F","old","OSBS.20140723.R2396.E",,,,"+6h4Bbwl6lsxSBlxnuuUivKHmzwWv+oA","4L8ym37Asu+KsQosRbU6bIsf8XS1mmQL","degloved tip of tail (likely escape from yesterday)",0,0,0,-1,0
"628B4AAFDF844DDC8ED2877A0A9BFBE5","D03","OSBS","OSBS_023","I10","emergentHerbaceousWetlands",29.7230969,-81.98399905,"WGS84",,32,,"2014-07-24","MAM.OSBS.2014.08","NEON.MAM.D03.0R2308","SIHI","Sigmodon hispidus","species",," ","M","R","Y",,,"adult","scrotal",,,,31,,,,200,"OSBS.20140724.R2308.B","retroorbital","OSBS.20140724.R2308.F","old",,,,,"4L8ym37Asu+KsQosRbU6bIsf8XS1mmQL","+6h4Bbwl6lsxSBlxnuuUivKHmzwWv+oA",,0,0,0,-1,0
"17FA3AFC38E24810815C47665DE8FE35","D03","OSBS","OSBS_023","F6","emergentHerbaceousWetlands",29.72345554,-81.98431272,"WGS84",,32,,"2014-07-24","MAM.OSBS.2014.08","NEON.MAM.D03.0R2390","SIHI","Sigmodon hispidus","species",," ","F","N","Y",,,"adult",,"nonenlarged","not","neither",30,,,,142,,,"OSBS.20140724.R2390.F","old",,,,,"4L8ym37Asu+KsQosRbU6bIsf8XS1mmQL","+6h4Bbwl6lsxSBlxnuuUivKHmzwWv+oA",,0,0,0,-1,0
"B7F9E78326D048659AFC33185999CF7F","D03","OSBS","OSBS_023","B8","emergentHerbaceousWetlands",29.72327199,-81.98472449,"WGS84",,32,,"2014-10-22","MAM.OSBS.2014.11",,"BLCA","Blarina carolinensis","species",," ",,"N","N","escaped",,,,,"not",,,,,,,,,,,,,,,"kVbYsRHqbQ+clR33Ysj8vmNsAfJjA19A","HxLIZ7KCfn3cQnDsiDIQ85I7Hc+ZVjqX",,-1,-1,-1,-1,-1
"03B779B491844E4D9CED44447EFEFB37","D03","OSBS","OSBS_023","B8","emergentHerbaceousWetlands",29.72327199,-81.98472449,"WGS84",,32,,"2014-10-22","MAM.OSBS.2014.11",,"BLCA","Blarina carolinensis","species",," ",,"N","N","escaped",,,,,"not",,,,,,,,,,,,,,,"kVbYsRHqbQ+clR33Ysj8vmNsAfJjA19A","HxLIZ7KCfn3cQnDsiDIQ85I7Hc+ZVjqX",,-1,-1,-1,-1,-1
